filename,annotations,expected,percentage
HS_1100_06_back.png.json,22,33,66.66666666666666
HS_1208_06_back.png.json,8,13,61.53846153846154
HS_870_06_back.png.json,20,30,66.66666666666666
HS_2103_06_back.png.json,6,33,18.181818181818183
HS_888_03_front.png.json,12,48,25.0
HS_785_03_front.png.json,33,77,42.857142857142854
HS_1071_03_front.png.json,19,20,95.0
HS_1229_06_back.png.json,12,15,80.0
HS_1188_03_front.png.json,16,16,100.0
HS_1348_06_back.png.json,3,6,50.0
HS_2259_03_front.png.json,14,30,46.666666666666664
HS_1232_03_front.png.json,18,19,94.73684210526315
HS_1182_03_front.png.json,49,50,98.0
HS_1231_06_back.png.json,5,9,55.55555555555556
HS_1219_03_front.png.json,28,28,100.0
HS_2261_03_front.png.json,11,22,50.0
HS_2262_06_back.png.json,14,15,93.33333333333333
HS_1158_06_back.png.json,11,11,100.0
HS_1295_06_back.png.json,29,37,78.37837837837837
HS_1012_03_front.png.json,10,15,66.66666666666666
HS_1208_03_front.png.json,12,21,57.14285714285714
HS_1039_03_front.png.json,20,22,90.9090909090909
HS_1275_06_back.png.json,2,5,40.0
HS_1209_06_back.png.json,14,19,73.68421052631578
HS_2285_06_back.png.json,20,36,55.55555555555556
HS_1174_03_front.png.json,13,23,56.52173913043478
HS_1192_03_front.png.json,13,13,100.0
HS_1104_06_back.png.json,11,16,68.75
HS_1201_06_back.png.json,11,13,84.61538461538461
HS_1347_03_front.png.json,11,3,366.66666666666663
HS_933_03_front.png.json,2,8,25.0
HS_1030_03_front.png.json,6,8,75.0
HS_2271_03_front.png.json,22,44,50.0
HS_444_03_front.png.json,45,57,78.94736842105263
HS_367_03_front.png.json,27,41,65.85365853658537
HS_1035_03_front.png.json,19,27,70.37037037037037
HS_827_03_front.png.json,21,25,84.0
HS_442_03_front.png.json,29,62,46.774193548387096
HS_1214_06_back.png.json,21,26,80.76923076923077
HS_1096_06_back.png.json,26,39,66.66666666666666
HS_795_03_front.png.json,13,27,48.148148148148145
HS_1186_06_back.png.json,22,80,27.500000000000004
HS_1318_03_front.png.json,4,8,50.0
HS_1098_06_back.png.json,20,33,60.60606060606061
HS_2266_06_back.png.json,19,12,158.33333333333331
HS_2311_06_back.png.json,17,19,89.47368421052632
HS_352_03_front.png.json,17,58,29.310344827586203
HS_845_03_front.png.json,2,10,20.0
HS_2282_03_front.png.json,13,15,86.66666666666667
HS_897_03_front.png.json,21,55,38.18181818181819
HS_1338_03_front.png.json,10,10,100.0
HS_1263_03_front.png.json,33,43,76.74418604651163
HS_844_03_front.png.json,23,42,54.761904761904766
HS_2074_03_front.png.json,51,157,32.48407643312102
HS_2270_03_front.png.json,23,28,82.14285714285714
HS_806_03_front.png.json,31,73,42.465753424657535
HS_770_06_back.png.json,1,16,6.25
HS_1117_06_back.png.json,6,8,75.0
HS_364_06_back.png.json,8,15,53.333333333333336
HS_1355_06_back.png.json,6,6,100.0
HS_1047_03_front.png.json,26,34,76.47058823529412
HS_1313_03_front.png.json,24,28,85.71428571428571
HS_1044_03_front.png.json,17,24,70.83333333333334
HS_1019_06_back.png.json,10,24,41.66666666666667
HS_1271_03_front.png.json,157,193,81.34715025906736
HS_811_03_front.png.json,8,16,50.0
HS_1191_03_front.png.json,10,19,52.63157894736842
HS_1029_06_back.png.json,3,9,33.33333333333333
HS_1003_03_front.png.json,16,22,72.72727272727273
HS_1168_03_front.png.json,80,121,66.11570247933885
HS_2313_03_front.png.json,8,17,47.05882352941176
HS_1122_03_front.png.json,8,9,88.88888888888889
HS_281_03_front.png.json,19,82,23.170731707317074
HS_1041_03_front.png.json,20,24,83.33333333333334
HS_799_03_front.png.json,17,27,62.96296296296296
HS_819_03_front.png.json,21,34,61.76470588235294
HS_870_03_front.png.json,26,31,83.87096774193549
HS_1261_03_front.png.json,15,15,100.0
HS_752_06_back.png.json,4,12,33.33333333333333
HS_1151_06_back.png.json,75,110,68.18181818181817
HS_1099_03_front.png.json,16,21,76.19047619047619
HS_1176_03_front.png.json,25,3,833.3333333333334
HS_1192_06_back.png.json,13,20,65.0
HS_891_06_back.png.json,7,24,29.166666666666668
HS_1302_03_front.png.json,61,81,75.30864197530865
HS_1357_03_front.png.json,17,24,70.83333333333334
HS_1357_06_back.png.json,3,4,75.0
HS_1218_06_back.png.json,78,115,67.82608695652173
HS_1183_03_front.png.json,28,47,59.57446808510638
HS_1304_03_front.png.json,70,86,81.3953488372093
HS_1221_03_front.png.json,20,22,90.9090909090909
HS_2257_06_back.png.json,13,13,100.0
HS_1017_03_front.png.json,18,27,66.66666666666666
HS_1020_06_back.png.json,20,37,54.054054054054056
HS_1079_03_front.png.json,17,16,106.25
HS_1301_03_front.png.json,35,52,67.3076923076923
HS_1183_06_back.png.json,37,43,86.04651162790698
HS_2263_03_front.png.json,21,22,95.45454545454545
HS_1034_06_back.png.json,21,40,52.5
HS_291_03_front.png.json,16,50,32.0
HS_1090_03_front.png.json,24,28,85.71428571428571
HS_1323_06_back.png.json,11,14,78.57142857142857
HS_1084_06_back.png.json,15,19,78.94736842105263
HS_1069_06_back.png.json,14,37,37.83783783783784
HS_1180_06_back.png.json,20,38,52.63157894736842
HS_1016_03_front.png.json,26,4,650.0
HS_1286_03_front.png.json,22,22,100.0
HS_884_03_front.png.json,35,75,46.666666666666664
HS_2275_03_front.png.json,14,19,73.68421052631578
HS_826_03_front.png.json,13,27,48.148148148148145
HS_1134_03_front.png.json,14,16,87.5
HS_1116_03_front.png.json,8,19,42.10526315789473
HS_1166_03_front.png.json,1,15,6.666666666666667
HS_1150_03_front.png.json,25,32,78.125
HS_868_06_back.png.json,16,38,42.10526315789473
HS_287_06_back.png.json,3,91,3.296703296703297
HS_1028_03_front.png.json,24,29,82.75862068965517
HS_815_03_front.png.json,13,24,54.166666666666664
HS_1110_06_back.png.json,23,29,79.3103448275862
HS_1250_06_back.png.json,19,37,51.35135135135135
HS_1072_03_front.png.json,0,25,0.0
HS_1293_03_front.png.json,24,31,77.41935483870968
HS_2084_03_front.png.json,64,94,68.08510638297872
HS_1240_03_front.png.json,6,26,23.076923076923077
HS_284_03_front.png.json,30,57,52.63157894736842
HS_832_03_front.png.json,15,21,71.42857142857143
HS_2306_03_front.png.json,11,17,64.70588235294117
HS_360_03_front.png.json,47,55,85.45454545454545
HS_1140_03_front.png.json,4,7,57.14285714285714
HS_2272_06_back.png.json,26,26,100.0
HS_1267_06_back.png.json,5,17,29.411764705882355
HS_1228_06_back.png.json,14,17,82.35294117647058
HS_1114_03_front.png.json,18,23,78.26086956521739
HS_1072_06_back.png.json,25,26,96.15384615384616
HS_1080_06_back.png.json,14,14,100.0
HS_1206_03_front.png.json,18,21,85.71428571428571
HS_883_03_front.png.json,9,9,100.0
HS_838_03_front.png.json,16,27,59.25925925925925
HS_1014_03_front.png.json,18,20,90.0
HS_281_06_back.png.json,24,96,25.0
HS_1210_06_back.png.json,14,22,63.63636363636363
HS_2283_06_back.png.json,14,26,53.84615384615385
HS_1056_06_back.png.json,20,33,60.60606060606061
HS_1327_06_back.png.json,2,9,22.22222222222222
HS_878_03_front.png.json,11,23,47.82608695652174
HS_2313_06_back.png.json,1,16,6.25
HS_931_03_front.png.json,11,18,61.111111111111114
HS_1304_06_back.png.json,55,81,67.90123456790124
HS_1189_03_front.png.json,23,25,92.0
HS_1112_03_front.png.json,9,13,69.23076923076923
HS_1024_06_back.png.json,24,44,54.54545454545454
HS_1330_03_front.png.json,13,0,100
HS_2308_03_front.png.json,19,25,76.0
HS_1326_03_front.png.json,3,0,100
HS_2270_06_back.png.json,21,28,75.0
HS_1075_06_back.png.json,7,11,63.63636363636363
HS_1037_06_back.png.json,15,18,83.33333333333334
HS_896_03_front.png.json,2,9,22.22222222222222
HS_1076_06_back.png.json,13,29,44.827586206896555
HS_871_03_front.png.json,5,11,45.45454545454545
HS_1058_03_front.png.json,9,10,90.0
HS_1009_06_back.png.json,2,5,40.0
HS_879_06_back.png.json,4,4,100.0
HS_1093_03_front.png.json,15,20,75.0
HS_1065_03_front.png.json,18,23,78.26086956521739
HS_1111_03_front.png.json,21,24,87.5
HS_2275_06_back.png.json,11,18,61.111111111111114
HS_1187_03_front.png.json,15,17,88.23529411764706
HS_1191_06_back.png.json,11,11,100.0
HS_1039_06_back.png.json,20,37,54.054054054054056
HS_872_03_front.png.json,20,45,44.44444444444444
HS_2293_03_front.png.json,21,21,100.0
HS_2251_06_back.png.json,19,21,90.47619047619048
HS_937_03_front.png.json,6,11,54.54545454545454
HS_1146_03_front.png.json,36,44,81.81818181818183
HS_2267_03_front.png.json,18,18,100.0
HS_1269_03_front.png.json,15,18,83.33333333333334
HS_2260_03_front.png.json,17,24,70.83333333333334
HS_1162_06_back.png.json,13,24,54.166666666666664
HS_1137_03_front.png.json,22,23,95.65217391304348
HS_1118_03_front.png.json,10,15,66.66666666666666
HS_928_03_front.png.json,4,14,28.57142857142857
HS_444_06_back.png.json,40,63,63.49206349206349
HS_1147_03_front.png.json,33,42,78.57142857142857
HS_1346_03_front.png.json,18,19,94.73684210526315
HS_1312_03_front.png.json,16,17,94.11764705882352
HS_1127_03_front.png.json,16,18,88.88888888888889
HS_2299_06_back.png.json,19,19,100.0
HS_286_03_front.png.json,35,58,60.3448275862069
HS_1185_06_back.png.json,15,22,68.18181818181817
HS_1181_06_back.png.json,27,43,62.7906976744186
HS_1059_03_front.png.json,47,57,82.45614035087719
HS_1265_03_front.png.json,14,14,100.0
HS_1062_03_front.png.json,24,31,77.41935483870968
HS_1058_06_back.png.json,12,17,70.58823529411765
HS_1217_06_back.png.json,15,15,100.0
HS_1306_06_back.png.json,1,1,100.0
HS_2076_03_front.png.json,44,81,54.32098765432099
HS_2169_03_front.png.json,13,25,52.0
HS_1314_03_front.png.json,8,17,47.05882352941176
HS_1129_06_back.png.json,65,72,90.27777777777779
HS_2262_03_front.png.json,19,21,90.47619047619048
HS_839_03_front.png.json,5,20,25.0
HS_1197_06_back.png.json,12,20,60.0
HS_803_06_back.png.json,11,96,11.458333333333332
HS_1264_06_back.png.json,21,47,44.680851063829785
HS_287_03_front.png.json,29,174,16.666666666666664
HS_782_03_front.png.json,18,41,43.90243902439025
HS_1204_03_front.png.json,13,13,100.0
HS_849_03_front.png.json,8,22,36.36363636363637
HS_1195_03_front.png.json,11,12,91.66666666666666
HS_1253_03_front.png.json,36,46,78.26086956521739
HS_840_03_front.png.json,3,17,17.647058823529413
HS_1213_03_front.png.json,20,25,80.0
HS_1121_03_front.png.json,72,90,80.0
HS_439_06_back.png.json,21,55,38.18181818181819
HS_915_03_front.png.json,18,30,60.0
HS_1335_03_front.png.json,12,0,100
HS_1265_06_back.png.json,20,22,90.9090909090909
HS_193_06_back.png.json,6,58,10.344827586206897
HS_360_06_back.png.json,28,51,54.90196078431373
HS_1084_03_front.png.json,19,21,90.47619047619048
HS_2293_06_back.png.json,11,12,91.66666666666666
HS_1220_06_back.png.json,9,11,81.81818181818183
HS_1354_06_back.png.json,9,9,100.0
HS_776_03_front.png.json,9,20,45.0
HS_1053_03_front.png.json,36,40,90.0
HS_1285_03_front.png.json,51,54,94.44444444444444
HS_1223_06_back.png.json,19,19,100.0
HS_1199_06_back.png.json,14,14,100.0
HS_1081_03_front.png.json,23,24,95.83333333333334
HS_1002_03_front.png.json,25,28,89.28571428571429
HS_1292_03_front.png.json,32,35,91.42857142857143
HS_1163_06_back.png.json,36,101,35.64356435643564
HS_1225_06_back.png.json,14,26,53.84615384615385
HS_1153_03_front.png.json,49,68,72.05882352941177
HS_436_03_front.png.json,34,42,80.95238095238095
HS_1276_06_back.png.json,7,7,100.0
HS_1128_03_front.png.json,7,7,100.0
HS_2117_06_back.png.json,27,164,16.463414634146343
HS_442_06_back.png.json,34,33,103.03030303030303
HS_1236_06_back.png.json,13,13,100.0
HS_2282_06_back.png.json,9,17,52.94117647058824
HS_1109_06_back.png.json,13,27,48.148148148148145
HS_367_06_back.png.json,44,53,83.01886792452831
HS_1055_06_back.png.json,2,13,15.384615384615385
HS_1070_06_back.png.json,10,12,83.33333333333334
HS_297_03_front.png.json,8,19,42.10526315789473
HS_2279_03_front.png.json,14,24,58.333333333333336
HS_1184_06_back.png.json,13,17,76.47058823529412
HS_931_06_back.png.json,9,20,45.0
HS_1321_03_front.png.json,6,1,600.0
HS_1187_06_back.png.json,17,17,100.0
HS_1182_06_back.png.json,40,48,83.33333333333334
HS_880_03_front.png.json,17,37,45.94594594594595
HS_1070_03_front.png.json,26,30,86.66666666666667
HS_1165_03_front.png.json,3,12,25.0
HS_1270_03_front.png.json,9,16,56.25
HS_435_06_back.png.json,22,25,88.0
HS_867_03_front.png.json,7,21,33.33333333333333
HS_1092_03_front.png.json,12,22,54.54545454545454
HS_2283_03_front.png.json,15,15,100.0
HS_1336_03_front.png.json,7,10,70.0
HS_1013_03_front.png.json,24,25,96.0
HS_2252_03_front.png.json,12,18,66.66666666666666
HS_2307_03_front.png.json,3,13,23.076923076923077
HS_368_03_front.png.json,34,41,82.92682926829268
HS_1178_03_front.png.json,24,24,100.0
HS_1286_06_back.png.json,20,21,95.23809523809523
HS_1193_06_back.png.json,13,15,86.66666666666667
HS_816_03_front.png.json,7,52,13.461538461538462
HS_1202_06_back.png.json,9,13,69.23076923076923
HS_1074_03_front.png.json,11,13,84.61538461538461
HS_1276_03_front.png.json,28,34,82.35294117647058
HS_1259_06_back.png.json,42,43,97.67441860465115
HS_283_03_front.png.json,18,49,36.734693877551024
HS_850_03_front.png.json,10,32,31.25
HS_2284_06_back.png.json,16,18,88.88888888888889
HS_2249_03_front.png.json,10,19,52.63157894736842
HS_1060_06_back.png.json,15,33,45.45454545454545
HS_1306_03_front.png.json,9,16,56.25
HS_1348_03_front.png.json,9,13,69.23076923076923
HS_1218_03_front.png.json,51,67,76.11940298507463
HS_1250_03_front.png.json,23,29,79.3103448275862
HS_911_03_front.png.json,13,33,39.39393939393939
HS_1196_06_back.png.json,5,11,45.45454545454545
HS_1046_03_front.png.json,20,18,111.11111111111111
HS_288_03_front.png.json,36,68,52.94117647058824
HS_1045_03_front.png.json,2,6,33.33333333333333
HS_808_03_front.png.json,34,73,46.57534246575342
HS_277_03_front.png.json,22,48,45.83333333333333
HS_903_03_front.png.json,6,31,19.35483870967742
HS_769_03_front.png.json,12,19,63.1578947368421
HS_1355_03_front.png.json,16,16,100.0
HS_1201_03_front.png.json,11,13,84.61538461538461
HS_1057_03_front.png.json,14,16,87.5
HS_1284_03_front.png.json,14,16,87.5
HS_1052_06_back.png.json,8,18,44.44444444444444
HS_941_03_front.png.json,20,40,50.0
HS_1495_03_front.png.json,1,77,1.2987012987012987
HS_978_06_back.png.json,4,17,23.52941176470588
HS_852_03_front.png.json,41,117,35.04273504273504
HS_1036_03_front.png.json,32,38,84.21052631578947
HS_912_06_back.png.json,8,13,61.53846153846154
HS_1158_03_front.png.json,10,13,76.92307692307693
HS_1196_03_front.png.json,14,18,77.77777777777779
HS_2287_03_front.png.json,17,18,94.44444444444444
HS_876_06_back.png.json,11,0,100
HS_1315_06_back.png.json,18,18,100.0
HS_1053_06_back.png.json,6,6,100.0
HS_2285_03_front.png.json,27,36,75.0
HS_1080_03_front.png.json,12,17,70.58823529411765
HS_1207_06_back.png.json,11,18,61.111111111111114
HS_1341_03_front.png.json,2,3,66.66666666666666
HS_1258_06_back.png.json,14,22,63.63636363636363
HS_1142_06_back.png.json,17,15,113.33333333333333
HS_2288_06_back.png.json,13,13,100.0
HS_366_03_front.png.json,17,55,30.909090909090907
HS_2301_03_front.png.json,11,16,68.75
HS_833_03_front.png.json,4,16,25.0
HS_1048_03_front.png.json,23,28,82.14285714285714
HS_1051_06_back.png.json,11,31,35.483870967741936
HS_1261_06_back.png.json,13,13,100.0
HS_2286_03_front.png.json,18,18,100.0
HS_814_03_front.png.json,5,43,11.627906976744185
HS_978_03_front.png.json,13,45,28.888888888888886
HS_1017_06_back.png.json,14,33,42.42424242424242
HS_352_06_back.png.json,20,55,36.36363636363637
HS_2309_06_back.png.json,6,13,46.15384615384615
HS_889_03_front.png.json,12,22,54.54545454545454
HS_1263_06_back.png.json,15,18,83.33333333333334
HS_1199_03_front.png.json,16,16,100.0
HS_357_06_back.png.json,10,70,14.285714285714285
HS_1123_03_front.png.json,52,65,80.0
HS_440_06_back.png.json,31,45,68.88888888888889
HS_887_03_front.png.json,12,31,38.70967741935484
HS_964_03_front.png.json,4,7,57.14285714285714
HS_1065_06_back.png.json,16,45,35.55555555555556
HS_1316_06_back.png.json,47,67,70.1492537313433
HS_1120_03_front.png.json,16,20,80.0
HS_1066_03_front.png.json,16,16,100.0
HS_1289_03_front.png.json,31,40,77.5
HS_351_03_front.png.json,24,50,48.0
HS_1180_03_front.png.json,29,35,82.85714285714286
HS_1097_06_back.png.json,17,26,65.38461538461539
HS_311_06_back.png.json,5,9,55.55555555555556
HS_1239_03_front.png.json,87,99,87.87878787878788
HS_1272_06_back.png.json,14,86,16.27906976744186
HS_1048_02_left.png.json,1,303,0.33003300330033003
HS_751_06_back.png.json,5,20,25.0
HS_1034_03_front.png.json,32,37,86.48648648648648
HS_1466_03_front.png.json,2,105,1.9047619047619049
HS_1094_03_front.png.json,12,21,57.14285714285714
HS_782_06_back.png.json,12,15,80.0
HS_1112_06_back.png.json,11,26,42.30769230769231
HS_2291_03_front.png.json,11,15,73.33333333333333
HS_1209_03_front.png.json,14,17,82.35294117647058
HS_1274_06_back.png.json,5,8,62.5
HS_1086_06_back.png.json,17,24,70.83333333333334
HS_2259_06_back.png.json,2,15,13.333333333333334
HS_1131_03_front.png.json,0,29,0.0
HS_1294_06_back.png.json,10,49,20.408163265306122
HS_278_06_back.png.json,21,146,14.383561643835616
HS_1113_03_front.png.json,18,23,78.26086956521739
HS_2250_03_front.png.json,13,15,86.66666666666667
HS_1197_03_front.png.json,13,13,100.0
HS_2169_06_back.png.json,3,33,9.090909090909092
HS_1038_06_back.png.json,8,10,80.0
HS_2258_06_back.png.json,21,23,91.30434782608695
HS_1079_06_back.png.json,13,18,72.22222222222221
HS_2250_06_back.png.json,12,22,54.54545454545454
HS_2289_03_front.png.json,12,28,42.857142857142854
HS_910_03_front.png.json,6,25,24.0
HS_2263_06_back.png.json,17,48,35.41666666666667
HS_385_03_front.png.json,21,35,60.0
HS_1138_06_back.png.json,3,3,100.0
HS_1165_06_back.png.json,11,11,100.0
HS_1149_06_back.png.json,44,48,91.66666666666666
HS_1088_03_front.png.json,22,23,95.65217391304348
HS_1195_06_back.png.json,9,14,64.28571428571429
HS_916_03_front.png.json,14,64,21.875
HS_1222_03_front.png.json,21,26,80.76923076923077
HS_1312_06_back.png.json,10,18,55.55555555555556
HS_277_06_back.png.json,1,46,2.1739130434782608
HS_919_03_front.png.json,22,48,45.83333333333333
HS_1241_06_back.png.json,21,27,77.77777777777779
HS_1251_03_front.png.json,43,48,89.58333333333334
HS_1031_03_front.png.json,27,28,96.42857142857143
HS_357_03_front.png.json,15,39,38.46153846153847
HS_1145_03_front.png.json,68,65,104.61538461538463
HS_1009_03_front.png.json,18,22,81.81818181818183
HS_1037_03_front.png.json,11,12,91.66666666666666
HS_805_06_back.png.json,5,9,55.55555555555556
HS_1303_06_back.png.json,80,95,84.21052631578947
HS_2284_03_front.png.json,17,17,100.0
HS_1259_03_front.png.json,52,58,89.65517241379311
HS_1224_03_front.png.json,24,26,92.3076923076923
HS_1204_06_back.png.json,11,17,64.70588235294117
HS_351_06_back.png.json,12,128,9.375
HS_1150_06_back.png.json,28,30,93.33333333333333
HS_1224_06_back.png.json,18,30,60.0
HS_1249_03_front.png.json,28,33,84.84848484848484
HS_288_06_back.png.json,27,43,62.7906976744186
HS_862_03_front.png.json,2,20,10.0
HS_1254_03_front.png.json,22,25,88.0
HS_1069_03_front.png.json,27,42,64.28571428571429
HS_905_06_back.png.json,5,15,33.33333333333333
HS_768_03_front.png.json,8,20,40.0
HS_1148_06_back.png.json,13,21,61.904761904761905
HS_1086_03_front.png.json,17,31,54.83870967741935
HS_1104_03_front.png.json,17,21,80.95238095238095
HS_2256_03_front.png.json,19,23,82.6086956521739
HS_284_06_back.png.json,13,57,22.807017543859647
HS_803_03_front.png.json,44,65,67.6923076923077
HS_1029_03_front.png.json,15,14,107.14285714285714
HS_1175_06_back.png.json,21,35,60.0
HS_1232_06_back.png.json,16,16,100.0
HS_1076_03_front.png.json,6,15,40.0
HS_1044_06_back.png.json,14,25,56.00000000000001
HS_286_06_back.png.json,28,46,60.86956521739131
HS_2260_06_back.png.json,10,12,83.33333333333334
HS_860_03_front.png.json,9,25,36.0
HS_1203_06_back.png.json,10,12,83.33333333333334
HS_1346_06_back.png.json,5,7,71.42857142857143
HS_1083_06_back.png.json,12,12,100.0
HS_1059_06_back.png.json,39,66,59.09090909090909
HS_1096_03_front.png.json,31,36,86.11111111111111
HS_895_03_front.png.json,3,14,21.428571428571427
HS_922_03_front.png.json,12,44,27.27272727272727
HS_1106_03_front.png.json,21,26,80.76923076923077
HS_1087_06_back.png.json,22,30,73.33333333333333
HS_1131_06_back.png.json,26,26,100.0
HS_1246_06_back.png.json,20,40,50.0
HS_792_06_back.png.json,9,11,81.81818181818183
HS_1151_03_front.png.json,84,85,98.82352941176471
HS_1078_06_back.png.json,21,22,95.45454545454545
HS_875_03_front.png.json,6,8,75.0
HS_437_03_front.png.json,29,58,50.0
HS_1013_06_back.png.json,18,36,50.0
HS_1047_06_back.png.json,18,22,81.81818181818183
HS_1319_03_front.png.json,12,5,240.0
HS_1145_06_back.png.json,22,31,70.96774193548387
HS_2444_03_front.png.json,37,70,52.85714285714286
HS_2297_03_front.png.json,16,16,100.0
HS_879_03_front.png.json,15,27,55.55555555555556
HS_2265_06_back.png.json,12,16,75.0
HS_1063_03_front.png.json,24,33,72.72727272727273
HS_864_03_front.png.json,1,27,3.7037037037037033
HS_760_03_front.png.json,5,13,38.46153846153847
HS_777_03_front.png.json,16,24,66.66666666666666
HS_906_03_front.png.json,14,18,77.77777777777779
HS_386_03_front.png.json,9,19,47.368421052631575
HS_2253_03_front.png.json,18,27,66.66666666666666
HS_1212_06_back.png.json,8,8,100.0
HS_1162_03_front.png.json,13,43,30.23255813953488
HS_1308_06_back.png.json,1,17,5.88235294117647
HS_1323_03_front.png.json,7,10,70.0
HS_1277_03_front.png.json,24,31,77.41935483870968
HS_854_06_back.png.json,5,12,41.66666666666667
HS_824_03_front.png.json,8,22,36.36363636363637
HS_1297_06_back.png.json,27,57,47.368421052631575
HS_1101_03_front.png.json,16,26,61.53846153846154
HS_2286_06_back.png.json,15,17,88.23529411764706
HS_812_03_front.png.json,3,20,15.0
HS_2274_06_back.png.json,14,18,77.77777777777779
HS_1136_03_front.png.json,7,8,87.5
HS_1139_03_front.png.json,19,0,100
HS_1102_03_front.png.json,15,22,68.18181818181817
HS_1005_06_back.png.json,9,15,60.0
HS_1098_03_front.png.json,24,35,68.57142857142857
HS_932_03_front.png.json,8,32,25.0
HS_1205_06_back.png.json,0,11,0.0
HS_2272_03_front.png.json,25,28,89.28571428571429
HS_861_03_front.png.json,5,11,45.45454545454545
HS_1206_06_back.png.json,5,18,27.77777777777778
HS_359_03_front.png.json,43,71,60.56338028169014
HS_1281_03_front.png.json,31,35,88.57142857142857
HS_1307_03_front.png.json,53,61,86.88524590163934
HS_1279_06_back.png.json,4,4,100.0
HS_1175_03_front.png.json,28,55,50.90909090909091
HS_1270_06_back.png.json,9,18,50.0
HS_1085_06_back.png.json,20,21,95.23809523809523
HS_1296_03_front.png.json,20,31,64.51612903225806
HS_1148_03_front.png.json,16,20,80.0
HS_385_06_back.png.json,3,35,8.571428571428571
HS_1188_06_back.png.json,15,15,100.0
HS_1005_03_front.png.json,21,26,80.76923076923077
HS_822_03_front.png.json,6,13,46.15384615384615
HS_2258_03_front.png.json,14,17,82.35294117647058
HS_2276_03_front.png.json,9,26,34.61538461538461
HS_1279_03_front.png.json,1,4,25.0
HS_1290_03_front.png.json,28,28,100.0
HS_1274_03_front.png.json,25,28,89.28571428571429
HS_901_06_back.png.json,7,29,24.137931034482758
HS_859_03_front.png.json,8,20,40.0
HS_882_03_front.png.json,0,77,0.0
HS_2256_06_back.png.json,18,26,69.23076923076923
HS_1211_06_back.png.json,15,17,88.23529411764706
HS_1322_03_front.png.json,5,0,100
HS_1222_06_back.png.json,20,22,90.9090909090909
HS_1287_03_front.png.json,7,12,58.333333333333336
HS_365_03_front.png.json,41,41,100.0
HS_1184_03_front.png.json,9,14,64.28571428571429
HS_306_03_front.png.json,33,57,57.89473684210527
HS_752_03_front.png.json,12,32,37.5
HS_1256_03_front.png.json,9,53,16.9811320754717
HS_1159_06_back.png.json,8,17,47.05882352941176
HS_1031_06_back.png.json,26,33,78.78787878787878
HS_1115_03_front.png.json,12,13,92.3076923076923
HS_1333_03_front.png.json,8,1,800.0
HS_1066_06_back.png.json,2,15,13.333333333333334
HS_2276_06_back.png.json,10,15,66.66666666666666
HS_2278_03_front.png.json,13,14,92.85714285714286
HS_831_03_front.png.json,15,41,36.58536585365854
HS_854_03_front.png.json,10,29,34.48275862068966
HS_904_03_front.png.json,22,65,33.84615384615385
HS_899_03_front.png.json,21,36,58.333333333333336
HS_834_03_front.png.json,19,25,76.0
HS_1114_06_back.png.json,28,39,71.7948717948718
HS_1103_03_front.png.json,19,26,73.07692307692307
HS_929_03_front.png.json,19,24,79.16666666666666
HS_1063_06_back.png.json,13,28,46.42857142857143
HS_2300_06_back.png.json,14,14,100.0
HS_1051_03_front.png.json,11,19,57.89473684210527
HS_798_03_front.png.json,13,20,65.0
HS_886_03_front.png.json,23,49,46.93877551020408
HS_1138_03_front.png.json,35,39,89.74358974358975
HS_2310_03_front.png.json,8,19,42.10526315789473
HS_818_03_front.png.json,12,24,50.0
HS_2271_06_back.png.json,15,22,68.18181818181817
HS_1173_06_back.png.json,1,32,3.125
HS_1103_06_back.png.json,6,26,23.076923076923077
HS_1291_06_back.png.json,31,43,72.09302325581395
HS_1193_03_front.png.json,14,19,73.68421052631578
HS_1025_06_back.png.json,33,40,82.5
HS_1294_03_front.png.json,37,47,78.72340425531915
HS_2300_03_front.png.json,16,19,84.21052631578947
HS_841_03_front.png.json,9,39,23.076923076923077
HS_2299_03_front.png.json,25,34,73.52941176470588
HS_2249_06_back.png.json,13,13,100.0
HS_1040_03_front.png.json,15,27,55.55555555555556
HS_807_03_front.png.json,21,24,87.5
HS_1360_03_front.png.json,41,76,53.94736842105263
HS_1214_03_front.png.json,20,23,86.95652173913044
HS_1213_06_back.png.json,13,21,61.904761904761905
HS_1360_06_back.png.json,32,46,69.56521739130434
HS_1115_06_back.png.json,11,11,100.0
HS_1231_03_front.png.json,19,21,90.47619047619048
HS_1030_06_back.png.json,14,29,48.275862068965516
HS_1133_03_front.png.json,16,18,88.88888888888889
HS_2253_06_back.png.json,13,23,56.52173913043478
HS_829_06_back.png.json,3,4,75.0
HS_843_03_front.png.json,6,9,66.66666666666666
HS_1088_06_back.png.json,17,18,94.44444444444444
HS_195_03_front.png.json,19,93,20.43010752688172
HS_1146_06_back.png.json,25,36,69.44444444444444
HS_1010_06_back.png.json,17,20,85.0
HS_1061_03_front.png.json,2,20,10.0
HS_1023_06_back.png.json,12,12,100.0
HS_1309_03_front.png.json,35,55,63.63636363636363
HS_1216_03_front.png.json,9,12,75.0
HS_1311_06_back.png.json,42,78,53.84615384615385
HS_805_03_front.png.json,6,21,28.57142857142857
HS_1036_06_back.png.json,38,50,76.0
HS_1220_03_front.png.json,12,17,70.58823529411765
HS_1258_03_front.png.json,7,16,43.75
HS_1230_06_back.png.json,51,86,59.30232558139535
HS_2106_06_back.png.json,19,40,47.5
HS_2291_06_back.png.json,12,16,75.0
HS_2280_06_back.png.json,9,27,33.33333333333333
HS_1003_06_back.png.json,21,21,100.0
HS_297_06_back.png.json,4,22,18.181818181818183
HS_1149_03_front.png.json,62,77,80.51948051948052
HS_2101_03_front.png.json,28,31,90.32258064516128
HS_2290_06_back.png.json,2,12,16.666666666666664
HS_1353_03_front.png.json,18,24,75.0
HS_1241_03_front.png.json,35,41,85.36585365853658
HS_438_03_front.png.json,15,33,45.45454545454545
HS_1242_03_front.png.json,78,83,93.97590361445783
HS_2308_06_back.png.json,7,22,31.818181818181817
HS_436_06_back.png.json,17,55,30.909090909090907
HS_1239_06_back.png.json,84,118,71.1864406779661
HS_366_06_back.png.json,29,29,100.0
HS_2304_03_front.png.json,11,26,42.30769230769231
HS_1317_06_back.png.json,13,15,86.66666666666667
HS_1358_03_front.png.json,45,58,77.58620689655173
HS_855_03_front.png.json,9,9,100.0
HS_1100_03_front.png.json,24,28,85.71428571428571
HS_1173_03_front.png.json,17,31,54.83870967741935
HS_892_03_front.png.json,13,32,40.625
HS_893_03_front.png.json,3,13,23.076923076923077
HS_274_03_front.png.json,30,58,51.724137931034484
HS_758_03_front.png.json,9,38,23.684210526315788
HS_1262_06_back.png.json,16,25,64.0
HS_1318_06_back.png.json,4,16,25.0
HS_2252_06_back.png.json,15,21,71.42857142857143
HS_846_03_front.png.json,5,11,45.45454545454545
HS_1315_03_front.png.json,19,28,67.85714285714286
HS_1055_03_front.png.json,26,27,96.29629629629629
HS_1157_06_back.png.json,6,9,66.66666666666666
HS_294_03_front.png.json,53,77,68.83116883116884
HS_960_03_front.png.json,7,10,70.0
HS_2274_03_front.png.json,14,14,100.0
HS_1111_06_back.png.json,13,16,81.25
HS_295_03_front.png.json,43,46,93.47826086956522
HS_2301_06_back.png.json,9,19,47.368421052631575
HS_1301_06_back.png.json,27,55,49.09090909090909
HS_1129_03_front.png.json,38,42,90.47619047619048
HS_1159_03_front.png.json,13,18,72.22222222222221
HS_1205_03_front.png.json,14,18,77.77777777777779
HS_783_03_front.png.json,19,22,86.36363636363636
HS_1313_06_back.png.json,22,25,88.0
HS_751_03_front.png.json,13,56,23.214285714285715
HS_1119_06_back.png.json,18,18,100.0
HS_1237_06_back.png.json,26,31,83.87096774193549
HS_1094_06_back.png.json,7,14,50.0
HS_1057_06_back.png.json,13,16,81.25
HS_2267_06_back.png.json,10,15,66.66666666666666
HS_1242_06_back.png.json,63,98,64.28571428571429
HS_440_03_front.png.json,27,39,69.23076923076923
HS_291_06_back.png.json,5,24,20.833333333333336
HS_1744_06_back.png.json,4,15,26.666666666666668
HS_1105_03_front.png.json,20,22,90.9090909090909
HS_1035_06_back.png.json,27,42,64.28571428571429
HS_2074_06_back.png.json,21,174,12.068965517241379
HS_1107_03_front.png.json,21,26,80.76923076923077
HS_1016_06_back.png.json,28,4,700.0
HS_1023_03_front.png.json,14,21,66.66666666666666
HS_792_03_front.png.json,4,32,12.5
HS_1095_06_back.png.json,17,33,51.515151515151516
HS_1275_03_front.png.json,32,32,100.0
HS_1106_06_back.png.json,15,19,78.94736842105263
HS_1211_03_front.png.json,16,17,94.11764705882352
HS_781_03_front.png.json,11,87,12.643678160919542
HS_1004_06_back.png.json,10,26,38.46153846153847
HS_1240_06_back.png.json,2,23,8.695652173913043
HS_2289_06_back.png.json,3,24,12.5
HS_1014_06_back.png.json,5,4,125.0
HS_857_03_front.png.json,10,21,47.61904761904761
HS_1119_03_front.png.json,21,24,87.5
HS_1097_03_front.png.json,15,16,93.75
HS_1310_03_front.png.json,17,27,62.96296296296296
HS_1109_03_front.png.json,42,50,84.0
HS_1052_03_front.png.json,16,11,145.45454545454547
HS_836_06_back.png.json,4,10,40.0
HS_788_06_back.png.json,9,34,26.47058823529412
HS_1228_03_front.png.json,23,23,100.0
HS_1316_03_front.png.json,46,75,61.33333333333333
HS_1202_03_front.png.json,12,14,85.71428571428571
HS_829_03_front.png.json,57,86,66.27906976744185
HS_1289_06_back.png.json,24,37,64.86486486486487
HS_2269_06_back.png.json,15,17,88.23529411764706
HS_1219_06_back.png.json,22,33,66.66666666666666
HS_1163_03_front.png.json,66,110,60.0
HS_435_03_front.png.json,26,30,86.66666666666667
HS_806_06_back.png.json,24,43,55.81395348837209
HS_856_03_front.png.json,26,39,66.66666666666666
HS_2279_06_back.png.json,13,20,65.0
HS_2076_06_back.png.json,57,105,54.285714285714285
HS_1067_06_back.png.json,15,22,68.18181818181817
HS_1359_06_back.png.json,28,28,100.0
HS_1245_03_front.png.json,13,15,86.66666666666667
HS_2255_03_front.png.json,18,21,85.71428571428571
HS_1157_03_front.png.json,9,16,56.25
HS_1171_06_back.png.json,63,134,47.01492537313433
HS_1320_06_back.png.json,3,16,18.75
HS_809_06_back.png.json,10,18,55.55555555555556
HS_1090_06_back.png.json,25,30,83.33333333333334
HS_1215_06_back.png.json,52,71,73.23943661971832
HS_809_03_front.png.json,15,30,50.0
HS_941_06_back.png.json,24,40,60.0
HS_767_03_front.png.json,25,48,52.083333333333336
HS_912_03_front.png.json,26,36,72.22222222222221
HS_1010_03_front.png.json,20,21,95.23809523809523
HS_2269_03_front.png.json,13,13,100.0
HS_1001_06_back.png.json,15,16,93.75
HS_1292_06_back.png.json,32,51,62.745098039215684
HS_359_06_back.png.json,28,50,56.00000000000001
HS_1164_06_back.png.json,23,23,100.0
HS_1160_03_front.png.json,5,9,55.55555555555556
HS_1006_03_front.png.json,21,24,87.5
HS_1288_03_front.png.json,15,15,100.0
HS_2297_06_back.png.json,14,14,100.0
HS_1334_03_front.png.json,3,0,100
HS_1085_03_front.png.json,18,23,78.26086956521739
HS_1744_03_front.png.json,5,10,50.0
HS_1134_06_back.png.json,3,3,100.0
HS_1244_03_front.png.json,18,17,105.88235294117648
HS_869_03_front.png.json,8,42,19.047619047619047
HS_274_06_back.png.json,21,46,45.65217391304348
HS_1071_06_back.png.json,18,19,94.73684210526315
HS_1083_03_front.png.json,19,21,90.47619047619048
HS_885_03_front.png.json,1,20,5.0
HS_388_03_front.png.json,20,38,52.63157894736842
HS_908_03_front.png.json,18,58,31.03448275862069
HS_1181_03_front.png.json,30,43,69.76744186046511
HS_2281_03_front.png.json,15,19,78.94736842105263
HS_866_03_front.png.json,8,11,72.72727272727273
HS_311_03_front.png.json,1,17,5.88235294117647
HS_1154_06_back.png.json,36,47,76.59574468085107
HS_2101_06_back.png.json,11,40,27.500000000000004
HS_918_03_front.png.json,41,89,46.06741573033708
HS_386_06_back.png.json,9,9,100.0
HS_2280_03_front.png.json,7,10,70.0
HS_1302_06_back.png.json,45,76,59.210526315789465
HS_1125_03_front.png.json,21,26,80.76923076923077
HS_1117_03_front.png.json,14,19,73.68421052631578
HS_1252_03_front.png.json,21,5,420.0
HS_1210_03_front.png.json,18,20,90.0
HS_921_03_front.png.json,6,17,35.294117647058826
HS_1015_06_back.png.json,8,9,88.88888888888889
HS_1254_06_back.png.json,18,37,48.64864864864865
HS_1207_03_front.png.json,11,12,91.66666666666666
HS_437_06_back.png.json,21,388,5.412371134020619
HS_921_06_back.png.json,12,15,80.0
HS_1001_03_front.png.json,22,27,81.48148148148148
HS_1028_06_back.png.json,4,12,33.33333333333333
HS_1344_03_front.png.json,11,11,100.0
HS_1092_06_back.png.json,15,15,100.0
HS_2306_06_back.png.json,15,16,93.75
HS_891_03_front.png.json,14,19,73.68421052631578
HS_2311_03_front.png.json,10,14,71.42857142857143
HS_2106_03_front.png.json,41,69,59.42028985507246
HS_800_03_front.png.json,12,29,41.37931034482759
HS_1291_03_front.png.json,25,27,92.5925925925926
HS_1229_03_front.png.json,19,21,90.47619047619048
HS_770_03_front.png.json,9,17,52.94117647058824
HS_1164_03_front.png.json,18,23,78.26086956521739
HS_1153_06_back.png.json,17,78,21.794871794871796
HS_847_03_front.png.json,5,20,25.0
HS_1171_03_front.png.json,78,121,64.46280991735537
HS_1078_03_front.png.json,21,23,91.30434782608695
HS_1127_06_back.png.json,21,37,56.75675675675676
HS_1007_06_back.png.json,26,46,56.52173913043478
HS_1238_03_front.png.json,44,60,73.33333333333333
HS_2281_06_back.png.json,3,34,8.823529411764707
HS_786_03_front.png.json,19,51,37.254901960784316
HS_1074_06_back.png.json,3,14,21.428571428571427
HS_1215_03_front.png.json,98,127,77.16535433070865
HS_902_03_front.png.json,8,29,27.586206896551722
HS_1041_06_back.png.json,3,4,75.0
HS_1200_03_front.png.json,18,18,100.0
HS_1200_06_back.png.json,5,15,33.33333333333333
HS_1311_03_front.png.json,62,76,81.57894736842105
HS_1271_06_back.png.json,93,223,41.70403587443946
HS_294_06_back.png.json,15,26,57.692307692307686
HS_1062_06_back.png.json,5,17,29.411764705882355
HS_877_03_front.png.json,18,21,85.71428571428571
HS_1056_03_front.png.json,15,39,38.46153846153847
HS_1067_03_front.png.json,11,19,57.89473684210527
HS_1288_06_back.png.json,28,30,93.33333333333333
HS_1123_06_back.png.json,37,51,72.54901960784314
HS_1194_03_front.png.json,15,16,93.75
HS_758_06_back.png.json,6,15,40.0
HS_1125_06_back.png.json,13,34,38.23529411764706
HS_1249_06_back.png.json,30,35,85.71428571428571
HS_1152_06_back.png.json,11,28,39.285714285714285
HS_1356_03_front.png.json,30,0,100
HS_2117_03_front.png.json,83,156,53.205128205128204
HS_848_03_front.png.json,4,7,57.14285714285714
HS_793_03_front.png.json,32,50,64.0
HS_1143_06_back.png.json,68,100,68.0
HS_874_03_front.png.json,14,60,23.333333333333332
HS_1121_06_back.png.json,38,115,33.04347826086956
HS_905_03_front.png.json,10,20,50.0
HS_1217_03_front.png.json,20,24,83.33333333333334
HS_2084_06_back.png.json,61,140,43.57142857142857
HS_837_03_front.png.json,20,50,40.0
HS_1190_03_front.png.json,17,24,70.83333333333334
HS_1238_06_back.png.json,49,90,54.44444444444444
HS_1227_03_front.png.json,18,19,94.73684210526315
HS_1186_03_front.png.json,11,17,64.70588235294117
HS_836_03_front.png.json,6,20,30.0
HS_1155_06_back.png.json,37,63,58.730158730158735
HS_1194_06_back.png.json,16,16,100.0
HS_1354_03_front.png.json,14,14,100.0
HS_1167_06_back.png.json,13,32,40.625
HS_1185_03_front.png.json,12,12,100.0
HS_1227_06_back.png.json,12,15,80.0
HS_1102_06_back.png.json,17,27,62.96296296296296
HS_1024_03_front.png.json,31,38,81.57894736842105
HS_2278_06_back.png.json,15,18,83.33333333333334
HS_1019_03_front.png.json,24,25,96.0
HS_1147_06_back.png.json,40,42,95.23809523809523
HS_1329_03_front.png.json,15,0,100
HS_853_03_front.png.json,11,33,33.33333333333333
HS_1296_06_back.png.json,19,43,44.18604651162791
HS_2290_03_front.png.json,10,18,55.55555555555556
HS_1006_06_back.png.json,28,35,80.0
HS_2257_03_front.png.json,8,11,72.72727272727273
HS_900_03_front.png.json,17,34,50.0
HS_2304_06_back.png.json,13,35,37.142857142857146
HS_1340_03_front.png.json,4,0,100
HS_1314_06_back.png.json,20,31,64.51612903225806
HS_873_03_front.png.json,5,21,23.809523809523807
HS_863_03_front.png.json,3,14,21.428571428571427
HS_1116_06_back.png.json,1,6,16.666666666666664
HS_2255_06_back.png.json,19,20,95.0
HS_2287_06_back.png.json,14,14,100.0
HS_1190_06_back.png.json,11,14,78.57142857142857
HS_2273_06_back.png.json,13,14,92.85714285714286
HS_1267_03_front.png.json,16,16,100.0
HS_1025_03_front.png.json,29,34,85.29411764705883
HS_2261_06_back.png.json,13,20,65.0
HS_1320_03_front.png.json,12,18,66.66666666666666
HS_438_06_back.png.json,10,32,31.25
HS_1095_03_front.png.json,12,14,85.71428571428571
HS_2295_06_back.png.json,16,15,106.66666666666667
HS_1189_06_back.png.json,20,28,71.42857142857143
HS_1299_03_front.png.json,30,33,90.9090909090909
HS_1107_06_back.png.json,11,24,45.83333333333333
HS_907_03_front.png.json,41,49,83.6734693877551
HS_1332_03_front.png.json,8,0,100
HS_1166_06_back.png.json,17,16,106.25
HS_1002_06_back.png.json,16,17,94.11764705882352
HS_1295_03_front.png.json,23,35,65.71428571428571
HS_1093_06_back.png.json,17,19,89.47368421052632
HS_1007_03_front.png.json,23,33,69.6969696969697
HS_888_06_back.png.json,24,40,60.0
HS_387_03_front.png.json,19,28,67.85714285714286
HS_1230_03_front.png.json,52,63,82.53968253968253
HS_1310_06_back.png.json,19,25,76.0
HS_1174_06_back.png.json,17,21,80.95238095238095
HS_1298_03_front.png.json,23,29,79.3103448275862
HS_1087_03_front.png.json,20,25,80.0
HS_1303_03_front.png.json,84,109,77.06422018348624
HS_1101_06_back.png.json,16,20,80.0
HS_876_03_front.png.json,19,48,39.58333333333333
HS_1282_06_back.png.json,14,18,77.77777777777779
HS_2266_03_front.png.json,8,27,29.629629629629626
HS_1154_03_front.png.json,40,58,68.96551724137932
HS_1297_03_front.png.json,47,62,75.80645161290323
HS_388_06_back.png.json,26,26,100.0
HS_2295_03_front.png.json,14,14,100.0
HS_1226_03_front.png.json,17,20,85.0
HS_1128_06_back.png.json,1,8,12.5
HS_890_06_back.png.json,6,14,42.857142857142854
HS_1212_03_front.png.json,17,17,100.0
HS_897_06_back.png.json,10,0,100
HS_1300_06_back.png.json,56,94,59.57446808510638
HS_961_03_front.png.json,14,26,53.84615384615385
HS_1015_03_front.png.json,17,19,89.47368421052632
HS_1225_03_front.png.json,13,18,72.22222222222221
HS_775_03_front.png.json,15,18,83.33333333333334
HS_901_03_front.png.json,16,27,59.25925925925925
HS_881_03_front.png.json,16,16,100.0
HS_808_06_back.png.json,8,29,27.586206896551722
HS_1161_06_back.png.json,69,51,135.29411764705884
HS_1075_03_front.png.json,17,20,85.0
HS_368_06_back.png.json,11,11,100.0
HS_1155_03_front.png.json,31,42,73.80952380952381
HS_295_06_back.png.json,15,49,30.612244897959183
HS_1293_06_back.png.json,36,47,76.59574468085107
HS_1038_03_front.png.json,13,19,68.42105263157895
HS_2251_03_front.png.json,22,23,95.65217391304348
HS_1264_03_front.png.json,42,45,93.33333333333333
HS_793_06_back.png.json,11,0,100
HS_1282_03_front.png.json,20,22,90.9090909090909
HS_364_03_front.png.json,12,22,54.54545454545454
HS_890_03_front.png.json,24,34,70.58823529411765
HS_1359_03_front.png.json,24,29,82.75862068965517
HS_2288_03_front.png.json,11,16,68.75
HS_1226_06_back.png.json,10,15,66.66666666666666
HS_926_03_front.png.json,14,17,82.35294117647058
HS_1120_06_back.png.json,3,3,100.0
HS_387_06_back.png.json,19,37,51.35135135135135
HS_1143_03_front.png.json,83,82,101.21951219512195
HS_2292_06_back.png.json,1,15,6.666666666666667
HS_278_03_front.png.json,19,45,42.22222222222222
HS_310_03_front.png.json,5,16,31.25
HS_1353_06_back.png.json,15,15,100.0
HS_1203_03_front.png.json,12,16,75.0
HS_307_03_front.png.json,13,34,38.23529411764706
HS_1272_03_front.png.json,86,129,66.66666666666666
HS_1060_03_front.png.json,13,29,44.827586206896555
HS_1237_03_front.png.json,21,27,77.77777777777779
HS_2292_03_front.png.json,15,20,75.0
HS_1245_06_back.png.json,9,13,69.23076923076923
HS_2440_03_front.png.json,26,140,18.571428571428573
HS_1042_03_front.png.json,14,16,87.5
HS_1081_06_back.png.json,22,22,100.0
HS_1223_03_front.png.json,19,28,67.85714285714286
HS_1256_06_back.png.json,21,45,46.666666666666664
HS_1027_03_front.png.json,5,9,55.55555555555556
HS_1236_03_front.png.json,10,12,83.33333333333334
HS_1327_03_front.png.json,2,1,200.0
HS_1300_03_front.png.json,75,100,75.0
HS_762_03_front.png.json,10,25,40.0
HS_2309_03_front.png.json,16,16,100.0
HS_1027_06_back.png.json,35,42,83.33333333333334
HS_1167_03_front.png.json,16,24,66.66666666666666
HS_788_03_front.png.json,15,61,24.59016393442623
HS_1105_06_back.png.json,22,45,48.888888888888886
HS_2444_06_back.png.json,15,17,88.23529411764706
HS_1118_06_back.png.json,5,5,100.0
HS_1113_06_back.png.json,18,22,81.81818181818183
HS_1287_06_back.png.json,5,21,23.809523809523807
HS_2265_03_front.png.json,22,24,91.66666666666666
HS_868_03_front.png.json,27,30,90.0
HS_1142_03_front.png.json,12,17,70.58823529411765
HS_1045_06_back.png.json,15,13,115.38461538461537
HS_1262_03_front.png.json,14,17,82.35294117647058
HS_1216_06_back.png.json,11,16,68.75
HS_821_06_back.png.json,15,32,46.875
HS_842_03_front.png.json,15,27,55.55555555555556
HS_1161_03_front.png.json,22,125,17.599999999999998
HS_1048_06_back.png.json,22,34,64.70588235294117
HS_1246_03_front.png.json,18,24,75.0
HS_1309_06_back.png.json,28,52,53.84615384615385
HS_1064_03_front.png.json,20,22,90.9090909090909
HS_796_03_front.png.json,29,48,60.416666666666664
HS_1141_03_front.png.json,22,21,104.76190476190477
HS_927_03_front.png.json,5,8,62.5
HS_1020_03_front.png.json,18,25,72.0
HS_1152_03_front.png.json,11,22,50.0
HS_1004_03_front.png.json,17,18,94.44444444444444
HS_810_03_front.png.json,20,30,66.66666666666666
HS_283_06_back.png.json,12,37,32.432432432432435
HS_1290_06_back.png.json,21,29,72.41379310344827
HS_2273_03_front.png.json,17,22,77.27272727272727
HS_1299_06_back.png.json,25,30,83.33333333333334
HS_1099_06_back.png.json,20,16,125.0
HS_1253_06_back.png.json,55,64,85.9375
HS_1285_06_back.png.json,66,79,83.54430379746836
HS_1307_06_back.png.json,25,46,54.347826086956516
HS_1317_03_front.png.json,13,16,81.25
HS_767_06_back.png.json,11,19,57.89473684210527
HS_1110_03_front.png.json,20,22,90.9090909090909
HS_1298_06_back.png.json,30,32,93.75
HS_865_03_front.png.json,3,23,13.043478260869565
HS_1064_06_back.png.json,24,47,51.06382978723404
Total,17859,29822,59.885319562738914
